Brand,Category,Sub-category,Product,SKU,Image filename,Name shared with another brand,Premium,Limited edition,Has image
NEXT,Chairs,Deluxe Arm Chairs,Magnetic,NP-NXT-001,NP-NXT-001.jpg,,yes,,
NEXT,Chairs,Deluxe Arm Chairs,Vanity Super DLX,NP-NXT-002,NP-NXT-002.jpg,,yes,,
NEXT,Chairs,Deluxe Armless Chairs,Discover Super DLX,NP-NXT-003,NP-NXT-003.jpg,,yes,,
NEXT,Chairs,Deluxe Armless Chairs,Caliber Super DLX,NP-NXT-004,NP-NXT-004.jpg,,yes,,
NEXT,Chairs,Deluxe Armless Chairs,Invent Super DLX,NP-NXT-005,NP-NXT-005.jpg,,yes,,
NEXT,Chairs,Steel Moulded Chairs,Cinematic,NP-NXT-006,NP-NXT-006.jpg,,,,
NEXT,Chairs,Steel Moulded Chairs,Matt,NP-NXT-007,NP-NXT-007.jpg,,,,
NEXT,Chairs,Heavy Premium Chairs,Easy,NP-NXT-008,NP-NXT-008.jpg,,yes,,
NEXT,Chairs,Heavy Premium Chairs,Vanity,NP-NXT-009,NP-NXT-009.jpg,,yes,,
NEXT,Chairs,Heavy Premium Chairs,Stark,NP-NXT-010,NP-NXT-010.jpg,,yes,,
NEXT,Chairs,Heavy Premium Chairs,Wonder,NP-NXT-011,NP-NXT-011.jpg,YES — use the SKU,yes,,
NEXT,Chairs,Heavy Premium Chairs,Magik,NP-NXT-012,NP-NXT-012.jpg,YES — use the SKU,yes,,
NEXT,Chairs,Economical Arm Chairs,Prawn,NP-NXT-013,NP-NXT-013.jpg,,,,
NEXT,Chairs,Economical Arm Chairs,Roman,NP-NXT-014,NP-NXT-014.jpg,,,,
NEXT,Chairs,Economical Arm Chairs,Wheel,NP-NXT-015,NP-NXT-015.jpg,,,,
NEXT,Chairs,Economical Arm Chairs,Avenger,NP-NXT-016,NP-NXT-016.jpg,YES — use the SKU,,,
NEXT,Chairs,Economical Arm Chairs,Treat,NP-NXT-017,NP-NXT-017.jpg,,,,
NEXT,Chairs,Economical Arm Chairs,Camry,NP-NXT-018,NP-NXT-018.jpg,YES — use the SKU,,,
NEXT,Chairs,Premium Armless Chairs,Discover,NP-NXT-019,NP-NXT-019.jpg,,yes,,
NEXT,Chairs,Premium Armless Chairs,Caliber,NP-NXT-020,NP-NXT-020.jpg,,yes,,
NEXT,Chairs,Premium Armless Chairs,Catch,NP-NXT-021,NP-NXT-021.jpg,,yes,,
NEXT,Chairs,Premium Armless Chairs,Ruffel,NP-NXT-022,NP-NXT-022.jpg,,yes,,
NEXT,Chairs,Premium Armless Chairs,Invent,NP-NXT-023,NP-NXT-023.jpg,,yes,,
NEXT,Chairs,Premium Armless Chairs,Spread,NP-NXT-024,NP-NXT-024.jpg,,yes,,
NEXT,Chairs,Premium Armless Chairs,Canny,NP-NXT-025,NP-NXT-025.jpg,,yes,,
NEXT,Chairs,Premium Armless Chairs,Stripes,NP-NXT-026,NP-NXT-026.jpg,,yes,,
NEXT,Chairs,Premium Armless Chairs,Rolex,NP-NXT-027,NP-NXT-027.jpg,,yes,,
NEXT,Chairs,Premium Armless Chairs,Star,NP-NXT-028,NP-NXT-028.jpg,,yes,,
NEXT,Chairs,Premium Armless Chairs,Delight,NP-NXT-029,NP-NXT-029.jpg,,yes,,
NEXT,Chairs,Premium Armless Chairs,Toss,NP-NXT-030,NP-NXT-030.jpg,,yes,,
NEXT,Chairs,Economical Armless Chairs,Imperial RRK,NP-NXT-031,NP-NXT-031.jpg,,,,
NEXT,Chairs,Economical Armless Chairs,Imperial New,NP-NXT-032,NP-NXT-032.jpg,,,,
NEXT,Chairs,Economical Armless Chairs,Imperial WiFi,NP-NXT-033,NP-NXT-033.jpg,,,,
NEXT,Chairs,Economical Armless Chairs,Imperial Hajipur,NP-NXT-034,NP-NXT-034.jpg,,,,
NEXT,Chairs,Economical Armless Chairs,Kinky,NP-NXT-035,NP-NXT-035.jpg,,,,
NEXT,Baby & Kids,Baby Chairs,Dolphin Easy Baby,NP-NXT-036,NP-NXT-036.jpg,,,,
NEXT,Baby & Kids,Baby Chairs,Rocker,NP-NXT-037,NP-NXT-037.jpg,,,,
NEXT,Baby & Kids,Baby Chairs,Baby Ultimate,NP-NXT-038,NP-NXT-038.jpg,YES — use the SKU,,,
NEXT,Baby & Kids,Baby Chairs,Primo,NP-NXT-039,NP-NXT-039.jpg,YES — use the SKU,,,
NEXT,Baby & Kids,Baby Chairs,Bonny,NP-NXT-040,NP-NXT-040.jpg,YES — use the SKU,,,
NEXT,Baby & Kids,Baby Chairs,Mickey,NP-NXT-041,NP-NXT-041.jpg,,,,
NEXT,Baby & Kids,Baby Chairs,Civic,NP-NXT-042,NP-NXT-042.jpg,,,,
NEXT,Baby & Kids,Baby Chairs,Ponny,NP-NXT-043,NP-NXT-043.jpg,,,,
NEXT,Baby & Kids,Baby Tables,Kinder,NP-NXT-044,NP-NXT-044.jpg,,,,
NEXT,Baby & Kids,Baby Tables,Kidjee Junior,NP-NXT-045,NP-NXT-045.jpg,,,,
NEXT,Baby & Kids,Baby Tables,Kids Playtime,NP-NXT-046,NP-NXT-046.jpg,,,,
NEXT,Stools,,Scale,NP-NXT-047,NP-NXT-047.jpg,YES — use the SKU,,,
NEXT,Stools,,Aspire,NP-NXT-048,NP-NXT-048.jpg,YES — use the SKU,,,
NEXT,Stools,,Swift,NP-NXT-049,NP-NXT-049.jpg,YES — use the SKU,,,
NEXT,Stools,,Charm,NP-NXT-050,NP-NXT-050.jpg,YES — use the SKU,,,
NEXT,Stools,,Rozy,NP-NXT-051,NP-NXT-051.jpg,,,,
NEXT,Stools,,Miracle,NP-NXT-052,NP-NXT-052.jpg,,,,
NEXT,Stools,,Marvel,NP-NXT-053,NP-NXT-053.jpg,,,,
NEXT,Stools,,Big Ponny,NP-NXT-054,NP-NXT-054.jpg,,,,
NEXT,Stools,,Enlarge Step Stool,NP-NXT-055,NP-NXT-055.jpg,,,,
NEXT,Tables,Tea Tables,Orient,NP-NXT-056,NP-NXT-056.jpg,,,,
NEXT,Tables,Tea Tables,Rider,NP-NXT-057,NP-NXT-057.jpg,,,,
NEXT,Tables,Tea Tables,Dogma,NP-NXT-058,NP-NXT-058.jpg,,,,
NEXT,Tables,Tea Tables,Mesh,NP-NXT-059,NP-NXT-059.jpg,,,,
NEXT,Tables,Dining Tables,Buffet,NP-NXT-060,NP-NXT-060.jpg,,,,
NEXT,Tables,Dining Tables,Fortune,NP-NXT-061,NP-NXT-061.jpg,,,,
NEXT,Tables,Dining Tables,Cherish,NP-NXT-062,NP-NXT-062.jpg,,,,
NEXT,Tables,Dining Tables,Glance,NP-NXT-063,NP-NXT-063.jpg,YES — use the SKU,,,
NEXT,Storage,Trolleys,Utility Rack-4,NP-NXT-064,NP-NXT-064.jpg,,,,
NEXT,Storage,Trolleys,Utility Rack-5,NP-NXT-065,NP-NXT-065.jpg,,,,
NEXT,Storage,Wardrobes,Atom 2FT,NP-NXT-066,NP-NXT-066.jpg,,,,
NEXT,Storage,Wardrobes,Atom 4FT,NP-NXT-067,NP-NXT-067.jpg,,,,
NEXT,Storage,Wardrobes,Atom 6FT,NP-NXT-068,NP-NXT-068.jpg,,,,
NEXT,Storage,Wardrobes,Princess 2FT,NP-NXT-069,NP-NXT-069.jpg,,,,
NEXT,Storage,Wardrobes,Princess 4FT,NP-NXT-070,NP-NXT-070.jpg,,,,
NEXT,Storage,Shoe Racks,Shoe Rack 2 Feet,NP-NXT-071,NP-NXT-071.jpg,,,,
NEXT,Storage,Shoe Racks,Shoe Rack 4 Feet,NP-NXT-072,NP-NXT-072.jpg,,,,
NATIONAL,Chairs,Heavy Guarantee Arm Chairs,Leo,NP-NTL-001,NP-NTL-001.jpg,,yes,,
NATIONAL,Chairs,Heavy Guarantee Arm Chairs,King,NP-NTL-002,NP-NTL-002.jpg,,yes,,
NATIONAL,Chairs,Heavy Guarantee Arm Chairs,Lord,NP-NTL-003,NP-NTL-003.jpg,,yes,,
NATIONAL,Chairs,Heavy Guarantee Arm Chairs,Simba,NP-NTL-004,NP-NTL-004.jpg,,yes,,
NATIONAL,Chairs,Heavy Guarantee Arm Chairs,Sher,NP-NTL-005,NP-NTL-005.jpg,,yes,,
NATIONAL,Chairs,Heavy Guarantee Arm Chairs,Arjun,NP-NTL-006,NP-NTL-006.jpg,,yes,,
NATIONAL,Chairs,Heavy Guarantee Arm Chairs,Cheetah,NP-NTL-007,NP-NTL-007.jpg,,yes,,
NATIONAL,Chairs,Heavy Guarantee Arm Chairs,Tiger,NP-NTL-008,NP-NTL-008.jpg,,yes,,
NATIONAL,Chairs,Heavy Guarantee Arm Chairs,Panther,NP-NTL-009,NP-NTL-009.jpg,,yes,,
NATIONAL,Chairs,Heavy Guarantee Arm Chairs,Prince,NP-NTL-010,NP-NTL-010.jpg,,yes,,
NATIONAL,Chairs,Heavy Guarantee Arm Chairs,Rock,NP-NTL-011,NP-NTL-011.jpg,,yes,,
NATIONAL,Chairs,Heavy Guarantee Arm Chairs,Anchor,NP-NTL-012,NP-NTL-012.jpg,,yes,,
NATIONAL,Chairs,Premium Arm Chairs,Ciaz,NP-NTL-013,NP-NTL-013.jpg,,yes,,
NATIONAL,Chairs,Premium Arm Chairs,Cruze,NP-NTL-014,NP-NTL-014.jpg,,yes,,
NATIONAL,Chairs,Premium Arm Chairs,Sumo,NP-NTL-015,NP-NTL-015.jpg,,yes,,
NATIONAL,Chairs,Premium Arm Chairs,Seltos,NP-NTL-016,NP-NTL-016.jpg,,yes,,
NATIONAL,Chairs,Premium Arm Chairs,Magik,NP-NTL-017,NP-NTL-017.jpg,YES — use the SKU,yes,,
NATIONAL,Chairs,Premium Arm Chairs,Jewel,NP-NTL-018,NP-NTL-018.jpg,,yes,,
NATIONAL,Chairs,Premium Arm Chairs,Phantom,NP-NTL-019,NP-NTL-019.jpg,,yes,,
NATIONAL,Chairs,Premium Arm Chairs,Ghost,NP-NTL-020,NP-NTL-020.jpg,,yes,,
NATIONAL,Chairs,Premium Arm Chairs,Hercules,NP-NTL-021,NP-NTL-021.jpg,,yes,,
NATIONAL,Chairs,Premium Arm Chairs,Crysta,NP-NTL-022,NP-NTL-022.jpg,,yes,,
NATIONAL,Chairs,Premium Arm Chairs,Diamond,NP-NTL-023,NP-NTL-023.jpg,,yes,,
NATIONAL,Chairs,Premium Arm Chairs,Wonder,NP-NTL-024,NP-NTL-024.jpg,YES — use the SKU,yes,,
NATIONAL,Chairs,Premium Arm Chairs,Sturdy,NP-NTL-025,NP-NTL-025.jpg,,yes,,
NATIONAL,Chairs,Premium Arm Chairs,Robust,NP-NTL-026,NP-NTL-026.jpg,,yes,,
NATIONAL,Chairs,Premium Arm Chairs,Thrill,NP-NTL-027,NP-NTL-027.jpg,,yes,,
NATIONAL,Chairs,Premium Arm Chairs,Creta,NP-NTL-028,NP-NTL-028.jpg,,yes,,
NATIONAL,Chairs,Premium Arm Chairs,Rio,NP-NTL-029,NP-NTL-029.jpg,,yes,,
NATIONAL,Chairs,Premium Arm Chairs,New Spectrum,NP-NTL-030,NP-NTL-030.jpg,,yes,,
NATIONAL,Chairs,Premium Arm Chairs,Ultimate Premium,NP-NTL-031,NP-NTL-031.jpg,,yes,,
NATIONAL,Chairs,Premium Arm Chairs,New Fusion,NP-NTL-032,NP-NTL-032.jpg,,yes,,
NATIONAL,Chairs,Premium Arm Chairs,Fire,NP-NTL-033,NP-NTL-033.jpg,,yes,,
NATIONAL,Chairs,Premium Arm Chairs,Alpine,NP-NTL-034,NP-NTL-034.jpg,,yes,,
NATIONAL,Chairs,Premium Arm Chairs,Techno,NP-NTL-035,NP-NTL-035.jpg,,yes,,
NATIONAL,Chairs,Premium Arm Chairs,Beast,NP-NTL-036,NP-NTL-036.jpg,,yes,,
NATIONAL,Chairs,Premium Arm Chairs,Bravo,NP-NTL-037,NP-NTL-037.jpg,,yes,,
NATIONAL,Chairs,Premium Arm Chairs,Sonic,NP-NTL-038,NP-NTL-038.jpg,,yes,,
NATIONAL,Chairs,Premium Arm Chairs,Dell,NP-NTL-039,NP-NTL-039.jpg,,yes,,
NATIONAL,Chairs,Premium Arm Chairs,Amazon,NP-NTL-040,NP-NTL-040.jpg,,yes,,
NATIONAL,Chairs,Premium Arm Chairs,Unique,NP-NTL-041,NP-NTL-041.jpg,,yes,,
NATIONAL,Chairs,Regular Arm Chairs,Dolphin,NP-NTL-042,NP-NTL-042.jpg,YES — use the SKU,,,
NATIONAL,Chairs,Regular Arm Chairs,Avenger,NP-NTL-043,NP-NTL-043.jpg,YES — use the SKU,,,
NATIONAL,Chairs,Regular Arm Chairs,Dawn,NP-NTL-044,NP-NTL-044.jpg,,,,
NATIONAL,Chairs,Regular Arm Chairs,Thunder,NP-NTL-045,NP-NTL-045.jpg,,,,
NATIONAL,Chairs,Regular Arm Chairs,Eco,NP-NTL-046,NP-NTL-046.jpg,,,,
NATIONAL,Chairs,Regular Arm Chairs,Elegant,NP-NTL-047,NP-NTL-047.jpg,,,,
NATIONAL,Chairs,Regular Arm Chairs,Daylight,NP-NTL-048,NP-NTL-048.jpg,,,,
NATIONAL,Chairs,Regular Arm Chairs,Admire,NP-NTL-049,NP-NTL-049.jpg,,,,
NATIONAL,Chairs,Regular Arm Chairs,Heritage,NP-NTL-050,NP-NTL-050.jpg,,,,
NATIONAL,Chairs,Regular Arm Chairs,Palms,NP-NTL-051,NP-NTL-051.jpg,,,,
NATIONAL,Chairs,Regular Arm Chairs,Dream,NP-NTL-052,NP-NTL-052.jpg,,,,
NATIONAL,Chairs,Premium Armless Chairs,Galaxy,NP-NTL-053,NP-NTL-053.jpg,,yes,,
NATIONAL,Chairs,Premium Armless Chairs,Vision,NP-NTL-054,NP-NTL-054.jpg,,yes,,
NATIONAL,Chairs,Premium Armless Chairs,Speed,NP-NTL-055,NP-NTL-055.jpg,,yes,,
NATIONAL,Chairs,Premium Armless Chairs,Omega,NP-NTL-056,NP-NTL-056.jpg,,yes,,
NATIONAL,Chairs,Premium Armless Chairs,Hector,NP-NTL-057,NP-NTL-057.jpg,,yes,,
NATIONAL,Chairs,Premium Armless Chairs,Activa,NP-NTL-058,NP-NTL-058.jpg,,yes,,
NATIONAL,Chairs,Premium Armless Chairs,Activa Superior,NP-NTL-059,NP-NTL-059.jpg,,yes,,
NATIONAL,Chairs,Premium Armless Chairs,Turbo,NP-NTL-060,NP-NTL-060.jpg,,yes,,
NATIONAL,Chairs,C Armless Chairs,Imperial Sofa,NP-NTL-061,NP-NTL-061.jpg,,,,
NATIONAL,Chairs,C Armless Chairs,Echo,NP-NTL-062,NP-NTL-062.jpg,,,,
NATIONAL,Chairs,C Armless Chairs,Old Florence,NP-NTL-063,NP-NTL-063.jpg,YES — use the SKU,,,
NATIONAL,Chairs,C Armless Chairs,New Florence,NP-NTL-064,NP-NTL-064.jpg,YES — use the SKU,,,
NATIONAL,Chairs,C Armless Chairs,Lilly,NP-NTL-065,NP-NTL-065.jpg,,,,
NATIONAL,Chairs,C Armless Chairs,Desire,NP-NTL-066,NP-NTL-066.jpg,,,,
NATIONAL,Chairs,C Armless Chairs,Perfect,NP-NTL-067,NP-NTL-067.jpg,,,,
NATIONAL,Baby & Kids,Premium Baby Chairs,Bonny,NP-NTL-068,NP-NTL-068.jpg,YES — use the SKU,yes,,
NATIONAL,Baby & Kids,Premium Baby Chairs,Primo,NP-NTL-069,NP-NTL-069.jpg,YES — use the SKU,yes,,
NATIONAL,Baby & Kids,Premium Baby Chairs,Baby Ultimate,NP-NTL-070,NP-NTL-070.jpg,YES — use the SKU,yes,,
NATIONAL,Baby & Kids,Premium Baby Chairs,Pups,NP-NTL-071,NP-NTL-071.jpg,,yes,,
NATIONAL,Baby & Kids,Premium Baby Chairs,Tom Baby,NP-NTL-072,NP-NTL-072.jpg,,yes,,
NATIONAL,Baby & Kids,Premium Baby Chairs,Toy Baby,NP-NTL-073,NP-NTL-073.jpg,YES — use the SKU,yes,,
NATIONAL,Baby & Kids,Premium Baby Chairs,Cute Baby,NP-NTL-074,NP-NTL-074.jpg,,yes,,
NATIONAL,Stools,Premium Stools,Scale,NP-NTL-075,NP-NTL-075.jpg,YES — use the SKU,yes,,
NATIONAL,Stools,Premium Stools,Mars,NP-NTL-076,NP-NTL-076.jpg,,yes,,
NATIONAL,Stools,Premium Stools,Saturn,NP-NTL-077,NP-NTL-077.jpg,,yes,,
NATIONAL,Stools,Premium Stools,Jimmy,NP-NTL-078,NP-NTL-078.jpg,YES — use the SKU,yes,,
NATIONAL,Stools,Premium Stools,Comet,NP-NTL-079,NP-NTL-079.jpg,YES — use the SKU,yes,,
NATIONAL,Stools,Premium Stools,Enlarge,NP-NTL-080,NP-NTL-080.jpg,,yes,,
NATIONAL,Stools,Economical Stools,Java,NP-NTL-081,NP-NTL-081.jpg,,,,
NATIONAL,Stools,Economical Stools,Charm,NP-NTL-082,NP-NTL-082.jpg,YES — use the SKU,,,
NATIONAL,Stools,Economical Stools,Swift,NP-NTL-083,NP-NTL-083.jpg,YES — use the SKU,,,
NATIONAL,Stools,Economical Stools,Rhino,NP-NTL-084,NP-NTL-084.jpg,,,,
NATIONAL,Tables,Monoblock Tables,Jazz,NP-NTL-085,NP-NTL-085.jpg,,,,
NATIONAL,Tables,Monoblock Tables,Jazz Pro,NP-NTL-086,NP-NTL-086.jpg,,,,
NATIONAL,Tables,Premium Tea Tables,Opel,NP-NTL-087,NP-NTL-087.jpg,,yes,,
NATIONAL,Tables,Premium Tea Tables,Astor,NP-NTL-088,NP-NTL-088.jpg,,yes,,
NATIONAL,Tables,Premium Tea Tables,Vegas,NP-NTL-089,NP-NTL-089.jpg,,yes,,
NATIONAL,Tables,Premium Coffee Tables,Jeep,NP-NTL-090,NP-NTL-090.jpg,,yes,,
NATIONAL,Tables,Economical Coffee Tables,Indica,NP-NTL-091,NP-NTL-091.jpg,,,,
NATIONAL,Tables,Economical Coffee Tables,Alto,NP-NTL-092,NP-NTL-092.jpg,,,,
NATIONAL,Tables,Economical Coffee Tables,Vitara,NP-NTL-093,NP-NTL-093.jpg,YES — use the SKU,,,
NATIONAL,Tables,Economical Coffee Tables,Orbit,NP-NTL-094,NP-NTL-094.jpg,,,,
NATIONAL,Tables,Economical Coffee Tables,Versa,NP-NTL-095,NP-NTL-095.jpg,YES — use the SKU,,,
NATIONAL,Tables,Dining Tables,Flora,NP-NTL-096,NP-NTL-096.jpg,YES — use the SKU,,,
NATIONAL,Tables,Dining Tables,Punch,NP-NTL-097,NP-NTL-097.jpg,YES — use the SKU,,,
NATIONAL,Tables,Dining Tables,Neptune,NP-NTL-098,NP-NTL-098.jpg,YES — use the SKU,,,
NATIONAL,Tables,Premium Dining Tables,Maharaja,NP-NTL-099,NP-NTL-099.jpg,YES — use the SKU,yes,,
NATIONAL,Tables,Premium Dining Tables,Jumbo,NP-NTL-100,NP-NTL-100.jpg,,yes,,
NATIONAL,Tables,Premium Dining Tables,Glance,NP-NTL-101,NP-NTL-101.jpg,YES — use the SKU,yes,,
NATIONAL,Tables,Premium Dining Tables,Florida,NP-NTL-102,NP-NTL-102.jpg,,yes,,
NATIONAL,Tables,Premium Dining Tables,Florida Superior,NP-NTL-103,NP-NTL-103.jpg,,yes,,
NATIONAL SAPPHIRE,Chairs,Heavy Guarantee Arm Chairs,Jaguar,NP-NSP-001,NP-NSP-001.jpg,,yes,,
NATIONAL SAPPHIRE,Chairs,Heavy Guarantee Arm Chairs,Leopard Leo,NP-NSP-002,NP-NSP-002.jpg,,yes,,
NATIONAL SAPPHIRE,Chairs,Heavy Guarantee Arm Chairs,Leopard King,NP-NSP-003,NP-NSP-003.jpg,,yes,,
NATIONAL SAPPHIRE,Chairs,Heavy Guarantee Arm Chairs,Carnival,NP-NSP-004,NP-NSP-004.jpg,,yes,,
NATIONAL SAPPHIRE,Chairs,Heavy Guarantee Arm Chairs,Tejas,NP-NSP-005,NP-NSP-005.jpg,,yes,,
NATIONAL SAPPHIRE,Chairs,Heavy Guarantee Arm Chairs,Relaxo,NP-NSP-006,NP-NSP-006.jpg,,yes,,
NATIONAL SAPPHIRE,Chairs,Heavy Guarantee Arm Chairs,Puma,NP-NSP-007,NP-NSP-007.jpg,,yes,,
NATIONAL SAPPHIRE,Chairs,Heavy Guarantee Arm Chairs,Bheem,NP-NSP-008,NP-NSP-008.jpg,,yes,,
NATIONAL SAPPHIRE,Chairs,Economical Arm Chairs,Dolphin,NP-NSP-009,NP-NSP-009.jpg,YES — use the SKU,,,
NATIONAL SAPPHIRE,Chairs,Economical Arm Chairs,Brezza,NP-NSP-010,NP-NSP-010.jpg,,,,
NATIONAL SAPPHIRE,Chairs,Economical Arm Chairs,Rex,NP-NSP-011,NP-NSP-011.jpg,,,,
NATIONAL SAPPHIRE,Chairs,Economical Arm Chairs,Flower,NP-NSP-012,NP-NSP-012.jpg,,,,
NATIONAL SAPPHIRE,Chairs,Economical Armless Chairs,Pluto,NP-NSP-013,NP-NSP-013.jpg,,,,
NATIONAL SAPPHIRE,Chairs,Economical Armless Chairs,Old Florence,NP-NSP-014,NP-NSP-014.jpg,YES — use the SKU,,,
NATIONAL SAPPHIRE,Chairs,Economical Armless Chairs,New Florence,NP-NSP-015,NP-NSP-015.jpg,YES — use the SKU,,,
NATIONAL SAPPHIRE,Chairs,Economical Armless Chairs,Ideal,NP-NSP-016,NP-NSP-016.jpg,,,,
NATIONAL SAPPHIRE,Chairs,Economical Armless Chairs,Ruby,NP-NSP-017,NP-NSP-017.jpg,,,,
NATIONAL SAPPHIRE,Baby & Kids,Baby Chairs,Toy Baby,NP-NSP-018,NP-NSP-018.jpg,YES — use the SKU,,,
NATIONAL SAPPHIRE,Stools,,Aspire,NP-NSP-019,NP-NSP-019.jpg,YES — use the SKU,,,
NATIONAL SAPPHIRE,Stools,,Cross,NP-NSP-020,NP-NSP-020.jpg,,,,
NATIONAL SAPPHIRE,Stools,,Disc,NP-NSP-021,NP-NSP-021.jpg,,,,
NATIONAL SAPPHIRE,Stools,,Jimmy,NP-NSP-022,NP-NSP-022.jpg,YES — use the SKU,,,
NATIONAL SAPPHIRE,Stools,,Comet,NP-NSP-023,NP-NSP-023.jpg,YES — use the SKU,,,
NATIONAL SAPPHIRE,Tables,Monoblock Tables,Comfy,NP-NSP-024,NP-NSP-024.jpg,,,,
NATIONAL SAPPHIRE,Tables,Monoblock Tables,Magna,NP-NSP-025,NP-NSP-025.jpg,,,,
NATIONAL SAPPHIRE,Tables,Monoblock Tables,Striker,NP-NSP-026,NP-NSP-026.jpg,,,,
NATIONAL SAPPHIRE,Tables,Premium Tea Tables,Opel Superior,NP-NSP-027,NP-NSP-027.jpg,,yes,,
NATIONAL SAPPHIRE,Tables,Premium Tea Tables,Versa Superior,NP-NSP-028,NP-NSP-028.jpg,,yes,,
NATIONAL SAPPHIRE,Tables,Premium Tea Tables,Zen Superior,NP-NSP-029,NP-NSP-029.jpg,,yes,,
NATIONAL SAPPHIRE,Tables,Economical Tea Tables,Versa,NP-NSP-030,NP-NSP-030.jpg,YES — use the SKU,,,
NATIONAL SAPPHIRE,Tables,Economical Tea Tables,Vitara,NP-NSP-031,NP-NSP-031.jpg,YES — use the SKU,,,
NATIONAL SAPPHIRE,Tables,Premium Dining Tables,Flora Superior,NP-NSP-032,NP-NSP-032.jpg,,yes,,
NATIONAL SAPPHIRE,Tables,Premium Dining Tables,Maharaja Superior,NP-NSP-033,NP-NSP-033.jpg,,yes,,
NATIONAL SAPPHIRE,Tables,Premium Dining Tables,Neptune Superior,NP-NSP-034,NP-NSP-034.jpg,,yes,,
NATIONAL SAPPHIRE,Tables,Economical Dining Tables,Flora,NP-NSP-035,NP-NSP-035.jpg,YES — use the SKU,,,
NATIONAL SAPPHIRE,Tables,Economical Dining Tables,Neptune,NP-NSP-036,NP-NSP-036.jpg,YES — use the SKU,,,
NATIONAL SAPPHIRE,Tables,Economical Dining Tables,Maharaja,NP-NSP-037,NP-NSP-037.jpg,YES — use the SKU,,,
CAPTAIN,Chairs,Heavy Guarantee Arm Chairs,Crystal,NP-CPT-001,NP-CPT-001.jpg,,yes,,
CAPTAIN,Chairs,Heavy Guarantee Arm Chairs,Curl,NP-CPT-002,NP-CPT-002.jpg,,yes,,
CAPTAIN,Chairs,Premium Arm Chairs,Ultimate,NP-CPT-003,NP-CPT-003.jpg,,yes,,
CAPTAIN,Chairs,Premium Arm Chairs,Cute,NP-CPT-004,NP-CPT-004.jpg,,yes,,
CAPTAIN,Chairs,Premium Arm Chairs,Cube,NP-CPT-005,NP-CPT-005.jpg,,yes,,
CAPTAIN,Chairs,Economical Arm Chairs,Sofa,NP-CPT-006,NP-CPT-006.jpg,,,,
CAPTAIN,Chairs,Economical Arm Chairs,Camry,NP-CPT-007,NP-CPT-007.jpg,YES — use the SKU,,,
CAPTAIN,Chairs,Economical Arm Chairs,Ajanta,NP-CPT-008,NP-CPT-008.jpg,,,,
CAPTAIN,Chairs,Economical Armless Chairs,Old Florence,NP-CPT-009,NP-CPT-009.jpg,YES — use the SKU,,,
CAPTAIN,Chairs,Economical Armless Chairs,New Florence,NP-CPT-010,NP-CPT-010.jpg,YES — use the SKU,,,
CAPTAIN,Baby & Kids,Baby Chairs,Joye Baby,NP-CPT-011,NP-CPT-011.jpg,,,,
CAPTAIN,Baby & Kids,Baby Chairs,Baby Ultimate,NP-CPT-012,NP-CPT-012.jpg,YES — use the SKU,,,
CAPTAIN,Stools,,Charm,NP-CPT-013,NP-CPT-013.jpg,YES — use the SKU,,,
CAPTAIN,Tables,Monoblock Tables,Orkid,NP-CPT-014,NP-CPT-014.jpg,,,,
CAPTAIN,Tables,Coffee Tables,Venue,NP-CPT-015,NP-CPT-015.jpg,,,,
CAPTAIN,Tables,Coffee Tables,Web,NP-CPT-016,NP-CPT-016.jpg,,,,
CAPTAIN,Tables,Dining Tables,Flora,NP-CPT-017,NP-CPT-017.jpg,YES — use the SKU,,,
CAPTAIN,Tables,Dining Tables,Punch,NP-CPT-018,NP-CPT-018.jpg,YES — use the SKU,,,
