Drive folder,Brand,Drive name,Images,Matched SKU,Matched product,How
CAPTAIN/ARM CHAIR/AJANTA,CAPTAIN,AJANTA,13,NP-CPT-008,Ajanta,exact
CAPTAIN/ARM CHAIR/BABY ULTIMATE,CAPTAIN,BABY ULTIMATE,12,NP-CPT-012,Baby Ultimate,exact
CAPTAIN/ARM CHAIR/CAMRY,CAPTAIN,CAMRY,13,NP-CPT-007,Camry,exact
CAPTAIN/ARM CHAIR/CANNON,CAPTAIN,CANNON,20,,,NO MATCH
CAPTAIN/ARM CHAIR/CRYSTAL,CAPTAIN,CRYSTAL,10,NP-CPT-001,Crystal,exact
CAPTAIN/ARM CHAIR/CUBE,CAPTAIN,CUBE,8,NP-CPT-005,Cube,exact
CAPTAIN/ARM CHAIR/CURL,CAPTAIN,CURL,9,NP-CPT-002,Curl,exact
CAPTAIN/ARM CHAIR/CUTE,CAPTAIN,CUTE,11,NP-CPT-004,Cute,exact
CAPTAIN/ARM CHAIR/GEM,CAPTAIN,GEM,11,,,NO MATCH
CAPTAIN/ARM CHAIR/JAGUAR CAP,CAPTAIN,JAGUAR CAP,7,,,NO MATCH
CAPTAIN/ARM CHAIR/Lion,CAPTAIN,Lion,9,,,NO MATCH
CAPTAIN/ARM CHAIR/ORTHO,CAPTAIN,ORTHO,12,,,NO MATCH
CAPTAIN/ARM CHAIR/SOFA,CAPTAIN,SOFA,16,NP-CPT-006,Sofa,exact
CAPTAIN/ARM CHAIR/ULTIMATE CAP,CAPTAIN,ULTIMATE CAP,15,NP-CPT-003,Ultimate,exact
CAPTAIN/ARM CHAIR/WILLY,CAPTAIN,WILLY,10,,,NO MATCH
CAPTAIN/ARMLESS CHAIR/NEW FLORENCE CAP,CAPTAIN,NEW FLORENCE CAP,14,NP-CPT-010,New Florence,exact
CAPTAIN/ARMLESS CHAIR/OLD FLORENCE CAP,CAPTAIN,OLD FLORENCE CAP,13,NP-CPT-009,Old Florence,exact
CAPTAIN/ARMLESS CHAIR/WILLY,CAPTAIN,WILLY,9,,,NO MATCH
CAPTAIN/BABY CHAIR/BABY ULTIMATE,CAPTAIN,BABY ULTIMATE,12,NP-CPT-012,Baby Ultimate,exact
CAPTAIN/BABY CHAIR/JOYE BABY,CAPTAIN,JOYE BABY,14,NP-CPT-011,Joye Baby,exact
CAPTAIN/STOOL/CHARM STOOL,CAPTAIN,CHARM STOOL,9,,,NO MATCH
CAPTAIN/TABLE/FLORA,CAPTAIN,FLORA,20,NP-CPT-017,Flora,exact
CAPTAIN/TABLE/FLORA CAP,CAPTAIN,FLORA CAP,19,NP-CPT-017,Flora,exact
CAPTAIN/TABLE/MAGNUM CAP,CAPTAIN,MAGNUM CAP,6,,,NO MATCH
CAPTAIN/TABLE/ORKID,CAPTAIN,ORKID,14,NP-CPT-014,Orkid,exact
CAPTAIN/TABLE/PUNCH,CAPTAIN,PUNCH,2,NP-CPT-018,Punch,exact
CAPTAIN/TABLE/VENUE,CAPTAIN,VENUE,4,NP-CPT-015,Venue,exact
CAPTAIN/TABLE/WEB,CAPTAIN,WEB,8,NP-CPT-016,Web,exact
NATIONAL/ARM CHAIR/ADMIRE NAT,NATIONAL,ADMIRE NAT,27,NP-NTL-049,Admire,exact
NATIONAL/ARM CHAIR/AJANTA,NATIONAL,AJANTA,16,,,NO MATCH
NATIONAL/ARM CHAIR/AJANTA 2,NATIONAL,AJANTA 2,24,,,NO MATCH
NATIONAL/ARM CHAIR/ALPHINE,NATIONAL,ALPHINE,22,NP-NTL-034,Alpine,spelling-1
NATIONAL/ARM CHAIR/AMAZON NAT,NATIONAL,AMAZON NAT,9,NP-NTL-040,Amazon,exact
NATIONAL/ARM CHAIR/ANCHORE,NATIONAL,ANCHORE,16,NP-NTL-012,Anchor,spelling-1
NATIONAL/ARM CHAIR/AVANGER,NATIONAL,AVANGER,10,NP-NTL-043,Avenger,spelling-1
NATIONAL/ARM CHAIR/BEAST,NATIONAL,BEAST,25,NP-NTL-036,Beast,exact
NATIONAL/ARM CHAIR/BRAVO,NATIONAL,BRAVO,24,NP-NTL-037,Bravo,exact
NATIONAL/ARM CHAIR/CHEETAH,NATIONAL,CHEETAH,49,NP-NTL-007,Cheetah,exact
NATIONAL/ARM CHAIR/CIAZ NAT,NATIONAL,CIAZ NAT,27,NP-NTL-013,Ciaz,exact
NATIONAL/ARM CHAIR/COROLLA S.DLX,NATIONAL,COROLLA S.DLX,6,,,NO MATCH
NATIONAL/ARM CHAIR/CRETA NAT,NATIONAL,CRETA NAT,30,NP-NTL-028,Creta,exact
NATIONAL/ARM CHAIR/CROWN,NATIONAL,CROWN,49,,,NO MATCH
NATIONAL/ARM CHAIR/CRUSE NAT,NATIONAL,CRUSE NAT,27,NP-NTL-014,Cruze,spelling-1
NATIONAL/ARM CHAIR/CRYSTA NAT,NATIONAL,CRYSTA NAT,28,NP-NTL-022,Crysta,exact
NATIONAL/ARM CHAIR/CUTE BABY,NATIONAL,CUTE BABY,16,NP-NTL-074,Cute Baby,exact
NATIONAL/ARM CHAIR/DAWN,NATIONAL,DAWN,36,NP-NTL-044,Dawn,exact
NATIONAL/ARM CHAIR/DAYLIGHT,NATIONAL,DAYLIGHT,16,NP-NTL-048,Daylight,exact
NATIONAL/ARM CHAIR/DELL NAT,NATIONAL,DELL NAT,21,NP-NTL-039,Dell,exact
NATIONAL/ARM CHAIR/DIAMOND HEAVYDUTY,NATIONAL,DIAMOND HEAVYDUTY,12,NP-NTL-023,Diamond,exact
NATIONAL/ARM CHAIR/DOLFIN NAT,NATIONAL,DOLFIN NAT,28,,,NO MATCH
NATIONAL/ARM CHAIR/DREAM,NATIONAL,DREAM,12,NP-NTL-052,Dream,exact
NATIONAL/ARM CHAIR/ECO NAT,NATIONAL,ECO NAT,23,NP-NTL-046,Eco,exact
NATIONAL/ARM CHAIR/ELEGANT NAT,NATIONAL,ELEGANT NAT,19,NP-NTL-047,Elegant,exact
NATIONAL/ARM CHAIR/FIRE,NATIONAL,FIRE,25,NP-NTL-033,Fire,exact
NATIONAL/ARM CHAIR/FIRE - Copy,NATIONAL,FIRE - Copy,25,NP-NTL-033,Fire,exact
NATIONAL/ARM CHAIR/FORTUNA NAT,NATIONAL,FORTUNA NAT,18,,,NO MATCH
NATIONAL/ARM CHAIR/Fusion,NATIONAL,Fusion,37,,,NO MATCH
NATIONAL/ARM CHAIR/GALAXY NAT PRM,NATIONAL,GALAXY NAT PRM,38,NP-NTL-053,Galaxy,exact
NATIONAL/ARM CHAIR/GHOST,NATIONAL,GHOST,26,NP-NTL-020,Ghost,exact
NATIONAL/ARM CHAIR/HERCULES,NATIONAL,HERCULES,31,NP-NTL-021,Hercules,exact
NATIONAL/ARM CHAIR/HERITAGE,NATIONAL,HERITAGE,17,NP-NTL-050,Heritage,exact
NATIONAL/ARM CHAIR/JAGUAR NAT,NATIONAL,JAGUAR NAT,5,,,NO MATCH
NATIONAL/ARM CHAIR/JWELE,NATIONAL,JWELE,20,,,NO MATCH
NATIONAL/ARM CHAIR/KING NAT,NATIONAL,KING NAT,15,NP-NTL-002,King,exact
NATIONAL/ARM CHAIR/LEO NAT,NATIONAL,LEO NAT,25,NP-NTL-001,Leo,exact
NATIONAL/ARM CHAIR/LOOP NAT,NATIONAL,LOOP NAT,23,,,NO MATCH
NATIONAL/ARM CHAIR/LORD NAT,NATIONAL,LORD NAT,18,NP-NTL-003,Lord,exact
NATIONAL/ARM CHAIR/MAGIK NAT,NATIONAL,MAGIK NAT,26,NP-NTL-017,Magik,exact
NATIONAL/ARM CHAIR/NEW ICON NAT,NATIONAL,NEW ICON NAT,23,,,NO MATCH
NATIONAL/ARM CHAIR/OMEGA,NATIONAL,OMEGA,29,NP-NTL-056,Omega,exact
NATIONAL/ARM CHAIR/PALM NAT,NATIONAL,PALM NAT,27,NP-NTL-051,Palms,spelling-1
NATIONAL/ARM CHAIR/PANTHER,NATIONAL,PANTHER,24,NP-NTL-009,Panther,exact
NATIONAL/ARM CHAIR/PEARL NAT,NATIONAL,PEARL NAT,28,,,NO MATCH
NATIONAL/ARM CHAIR/PHANTOM,NATIONAL,PHANTOM,29,NP-NTL-019,Phantom,exact
NATIONAL/ARM CHAIR/PRINCE,NATIONAL,PRINCE,9,NP-NTL-010,Prince,exact
NATIONAL/ARM CHAIR/RAPID NAT,NATIONAL,RAPID NAT,32,,,NO MATCH
NATIONAL/ARM CHAIR/REAL NAT,NATIONAL,REAL NAT,16,,,NO MATCH
NATIONAL/ARM CHAIR/Robust,NATIONAL,Robust,21,NP-NTL-026,Robust,exact
NATIONAL/ARMLESS CHAIR/ACTIVA NAT,NATIONAL,ACTIVA NAT,43,NP-NTL-058,Activa,exact
NATIONAL/ARMLESS CHAIR/Activa Superior,NATIONAL,Activa Superior,20,NP-NTL-059,Activa Superior,exact
NATIONAL/ARMLESS CHAIR/Charlie,NATIONAL,Charlie,50,,,NO MATCH
NATIONAL/ARMLESS CHAIR/DESIRE,NATIONAL,DESIRE,25,NP-NTL-066,Desire,exact
NATIONAL/ARMLESS CHAIR/Dynamic,NATIONAL,Dynamic,50,,,NO MATCH
NATIONAL/ARMLESS CHAIR/DYNAMIC SUPERIOR,NATIONAL,DYNAMIC SUPERIOR,9,,,NO MATCH
NATIONAL/ARMLESS CHAIR/ECHO,NATIONAL,ECHO,20,NP-NTL-062,Echo,exact
NATIONAL/ARMLESS CHAIR/FLORANCE ECO,NATIONAL,FLORANCE ECO,20,,,NO MATCH
NATIONAL/ARMLESS CHAIR/FLORANCE KOLKATA,NATIONAL,FLORANCE KOLKATA,20,,,NO MATCH
NATIONAL/ARMLESS CHAIR/GALAXY NAT PRM,NATIONAL,GALAXY NAT PRM,43,NP-NTL-053,Galaxy,exact
NATIONAL/ARMLESS CHAIR/IMPERIAL SOFA NAT PRM,NATIONAL,IMPERIAL SOFA NAT PRM,35,NP-NTL-061,Imperial Sofa,exact
NATIONAL/ARMLESS CHAIR/IMPERIAL SOFA V.NAT,NATIONAL,IMPERIAL SOFA V.NAT,3,NP-NTL-061,Imperial Sofa,spelling-2
NATIONAL/ARMLESS CHAIR/LILY(NEW FLORANCE KOLKATA),NATIONAL,LILY(NEW FLORANCE KOLKATA),56,,,NO MATCH
NATIONAL/ARMLESS CHAIR/NEW FLORENCE NAT,NATIONAL,NEW FLORENCE NAT,23,NP-NTL-064,New Florence,exact
NATIONAL/ARMLESS CHAIR/OLD FLORENCE NAT,NATIONAL,OLD FLORENCE NAT,31,NP-NTL-063,Old Florence,exact
NATIONAL/ARMLESS CHAIR/OLD NATIONAL,NATIONAL,OLD NATIONAL,4326,,,NO MATCH
NATIONAL/ARMLESS CHAIR/OMEGA,NATIONAL,OMEGA,32,NP-NTL-056,Omega,exact
NATIONAL/ARMLESS CHAIR/PERFECT,NATIONAL,PERFECT,23,NP-NTL-067,Perfect,exact
NATIONAL/ARMLESS CHAIR/SPEED,NATIONAL,SPEED,21,NP-NTL-055,Speed,exact
NATIONAL/ARMLESS CHAIR/TURBO NAT,NATIONAL,TURBO NAT,23,NP-NTL-060,Turbo,exact
NATIONAL/ARMLESS CHAIR/VISION NAT,NATIONAL,VISION NAT,21,NP-NTL-054,Vision,exact
NATIONAL/METALIC/ACTIVA,NATIONAL,ACTIVA,4,NP-NTL-058,Activa,exact
NATIONAL/METALIC/COROLLA,NATIONAL,COROLLA,4,,,NO MATCH
NATIONAL/METALIC/DAYLIGHT,NATIONAL,DAYLIGHT,16,NP-NTL-048,Daylight,exact
NATIONAL/METALIC/DELIGHT,NATIONAL,DELIGHT,4,NP-NTL-048,Daylight,spelling-2
NATIONAL/METALIC/DOLLY,NATIONAL,DOLLY,4,,,NO MATCH
NATIONAL/METALIC/ECHO,NATIONAL,ECHO,4,NP-NTL-062,Echo,exact
NATIONAL/METALIC/GLOBE,NATIONAL,GLOBE,4,,,NO MATCH
NATIONAL/METALIC/IMPERIAL SOFA,NATIONAL,IMPERIAL SOFA,7,NP-NTL-061,Imperial Sofa,exact
NATIONAL/METALIC/KOLKATA NEW FLORANCE,NATIONAL,KOLKATA NEW FLORANCE,4,,,NO MATCH
NATIONAL/METALIC/SOFA,NATIONAL,SOFA,4,,,NO MATCH
NATIONAL/METALIC/SONIC,NATIONAL,SONIC,9,NP-NTL-038,Sonic,exact
NATIONAL/STOOL/Comet,NATIONAL,Comet,34,NP-NTL-079,Comet,exact
NATIONAL/STOOL/ENLARGE STOOL NAT,NATIONAL,ENLARGE STOOL NAT,26,,,NO MATCH
NATIONAL/STOOL/JAVA STOOL NAT,NATIONAL,JAVA STOOL NAT,32,,,NO MATCH
NATIONAL/STOOL/Jimmy Premium Stool,NATIONAL,Jimmy Premium Stool,33,,,NO MATCH
NATIONAL/STOOL/MARS STOOL,NATIONAL,MARS STOOL,28,,,NO MATCH
NATIONAL/STOOL/MIRACLE,NATIONAL,MIRACLE,20,,,NO MATCH
NATIONAL/STOOL/RHINO STOOL,NATIONAL,RHINO STOOL,10,,,NO MATCH
NATIONAL/STOOL/ROZY,NATIONAL,ROZY,10,,,NO MATCH
NATIONAL/STOOL/SATURN STOOL,NATIONAL,SATURN STOOL,24,,,NO MATCH
NATIONAL/STOOL/scale,NATIONAL,scale,40,NP-NTL-075,Scale,exact
NATIONAL/STOOL/SWIFT STOOL,NATIONAL,SWIFT STOOL,14,,,NO MATCH
NATIONAL/Table/ASTOR,NATIONAL,ASTOR,12,NP-NTL-088,Astor,exact
NATIONAL/Table/FLORA,NATIONAL,FLORA,26,NP-NTL-096,Flora,exact
NATIONAL/Table/FLORIDA,NATIONAL,FLORIDA,4,NP-NTL-102,Florida,exact
NATIONAL/Table/FLORIDA SUPERIOR,NATIONAL,FLORIDA SUPERIOR,10,NP-NTL-103,Florida Superior,exact
NATIONAL/Table/Giraff,NATIONAL,Giraff,4,,,NO MATCH
NATIONAL/Table/GIRAFFE,NATIONAL,GIRAFFE,22,,,NO MATCH
NATIONAL/Table/GLANCE,NATIONAL,GLANCE,5,NP-NTL-101,Glance,exact
NATIONAL/Table/JAZZ,NATIONAL,JAZZ,6,NP-NTL-085,Jazz,exact
NATIONAL/Table/JAZZ PRO,NATIONAL,JAZZ PRO,25,NP-NTL-086,Jazz Pro,exact
NATIONAL/Table/JEEP,NATIONAL,JEEP,34,NP-NTL-090,Jeep,exact
NATIONAL/Table/JUMBO,NATIONAL,JUMBO,8,NP-NTL-100,Jumbo,exact
NATIONAL/Table/MAHARAJA,NATIONAL,MAHARAJA,41,NP-NTL-099,Maharaja,exact
NATIONAL/Table/NEPTUNE,NATIONAL,NEPTUNE,13,NP-NTL-098,Neptune,exact
NATIONAL/Table/NEPTUNE KOLKATA,NATIONAL,NEPTUNE KOLKATA,5,,,NO MATCH
NATIONAL/Table/OPEL,NATIONAL,OPEL,30,NP-NTL-087,Opel,exact
NATIONAL/Table/OPEL TABLE NAT,NATIONAL,OPEL TABLE NAT,6,,,NO MATCH
NATIONAL/Table/ORBIT,NATIONAL,ORBIT,2,NP-NTL-094,Orbit,exact
NATIONAL/Table/PLATINA,NATIONAL,PLATINA,28,,,NO MATCH
NATIONAL/Table/PUNCH,NATIONAL,PUNCH,6,NP-NTL-097,Punch,exact
NATIONAL/Table/VEGAS,NATIONAL,VEGAS,31,NP-NTL-089,Vegas,exact
NATIONAL/Table/VERSA,NATIONAL,VERSA,25,NP-NTL-095,Versa,exact
NATIONAL/Table/VITARA,NATIONAL,VITARA,2,NP-NTL-093,Vitara,exact
NEXT/ARM CHAIRS/Avenger,NEXT,Avenger,32,NP-NXT-016,Avenger,exact
NEXT/ARM CHAIRS/CALIBER S.DLX,NEXT,CALIBER S.DLX,10,NP-NXT-004,Caliber Super DLX,exact
NEXT/ARM CHAIRS/CAMRY,NEXT,CAMRY,16,NP-NXT-018,Camry,exact
NEXT/ARM CHAIRS/DELL,NEXT,DELL,17,,,NO MATCH
NEXT/ARM CHAIRS/DELL NEXT,NEXT,DELL NEXT,12,,,NO MATCH
NEXT/ARM CHAIRS/DISCOVER S.DLX,NEXT,DISCOVER S.DLX,9,NP-NXT-003,Discover Super DLX,exact
NEXT/ARM CHAIRS/EASY,NEXT,EASY,12,NP-NXT-008,Easy,exact
NEXT/ARM CHAIRS/ETIOS,NEXT,ETIOS,40,,,NO MATCH
NEXT/ARM CHAIRS/MAGIK,NEXT,MAGIK,49,NP-NXT-012,Magik,exact
NEXT/ARM CHAIRS/MATT,NEXT,MATT,15,NP-NXT-007,Matt,exact
NEXT/ARM CHAIRS/NETT,NEXT,NETT,18,,,NO MATCH
NEXT/ARM CHAIRS/NEW,NEXT,NEW,11,,,NO MATCH
NEXT/ARM CHAIRS/NEW IKON,NEXT,NEW IKON,7,,,NO MATCH
NEXT/ARM CHAIRS/PRIME,NEXT,PRIME,50,NP-NXT-039,Primo,spelling-1
NEXT/ARM CHAIRS/PROGRESSIVE,NEXT,PROGRESSIVE,20,,,NO MATCH
NEXT/ARM CHAIRS/ROMAN,NEXT,ROMAN,50,NP-NXT-014,Roman,exact
NEXT/ARM CHAIRS/STARK,NEXT,STARK,60,NP-NXT-010,Stark,exact
NEXT/ARM CHAIRS/STURDY,NEXT,STURDY,12,,,NO MATCH
NEXT/ARM CHAIRS/STYLE NEXT,NEXT,STYLE NEXT,11,,,NO MATCH
NEXT/ARM CHAIRS/TEXX,NEXT,TEXX,1,,,NO MATCH
NEXT/ARM CHAIRS/TREAT,NEXT,TREAT,20,NP-NXT-017,Treat,exact
NEXT/ARM CHAIRS/ULTIMATE,NEXT,ULTIMATE,50,,,NO MATCH
NEXT/ARM CHAIRS/ULTIMATE NEW,NEXT,ULTIMATE NEW,30,,,NO MATCH
NEXT/ARM CHAIRS/ULTIMATE PATNA,NEXT,ULTIMATE PATNA,30,,,NO MATCH
NEXT/ARM CHAIRS/VANITY,NEXT,VANITY,50,NP-NXT-009,Vanity,exact
NEXT/ARM CHAIRS/VANITY S.DLX,NEXT,VANITY S.DLX,5,NP-NXT-002,Vanity Super DLX,exact
NEXT/ARM CHAIRS/WHEEL,NEXT,WHEEL,50,NP-NXT-015,Wheel,exact
NEXT/ARM CHAIRS/WONDER,NEXT,WONDER,26,NP-NXT-011,Wonder,exact
NEXT/ARMLESS CHAIRS/CALIBER S.DLX,NEXT,CALIBER S.DLX,10,NP-NXT-004,Caliber Super DLX,exact
NEXT/ARMLESS CHAIRS/CANNY,NEXT,CANNY,50,NP-NXT-025,Canny,exact
NEXT/ARMLESS CHAIRS/CATCH,NEXT,CATCH,11,NP-NXT-021,Catch,exact
NEXT/ARMLESS CHAIRS/DELIGHT,NEXT,DELIGHT,74,NP-NXT-029,Delight,exact
NEXT/ARMLESS CHAIRS/DISCOVER S.DLX,NEXT,DISCOVER S.DLX,10,NP-NXT-003,Discover Super DLX,exact
NEXT/ARMLESS CHAIRS/Globe,NEXT,Globe,35,,,NO MATCH
NEXT/ARMLESS CHAIRS/Grand,NEXT,Grand,44,,,NO MATCH
NEXT/ARMLESS CHAIRS/IMPERIAL HAJIPUR,NEXT,IMPERIAL HAJIPUR,22,NP-NXT-034,Imperial Hajipur,exact
NEXT/ARMLESS CHAIRS/imperial KOLKATA (lily),NEXT,imperial KOLKATA (lily),20,,,NO MATCH
NEXT/ARMLESS CHAIRS/IMPERIAL OR FLORENCE,NEXT,IMPERIAL OR FLORENCE,5,,,NO MATCH
NEXT/ARMLESS CHAIRS/INVENT S.DLX,NEXT,INVENT S.DLX,10,NP-NXT-005,Invent Super DLX,exact
NEXT/ARMLESS CHAIRS/KINKY,NEXT,KINKY,40,NP-NXT-035,Kinky,exact
NEXT/ARMLESS CHAIRS/MATT,NEXT,MATT,15,NP-NXT-007,Matt,exact
NEXT/ARMLESS CHAIRS/NETT,NEXT,NETT,14,,,NO MATCH
NEXT/ARMLESS CHAIRS/NEW IMPERIAL,NEXT,NEW IMPERIAL,85,,,NO MATCH
NEXT/ARMLESS CHAIRS/OLD IMPERIAL KOLKATA,NEXT,OLD IMPERIAL KOLKATA,19,,,NO MATCH
NEXT/ARMLESS CHAIRS/OLD IMPERIAL RRK,NEXT,OLD IMPERIAL RRK,3,,,NO MATCH
NEXT/ARMLESS CHAIRS/ROLEX,NEXT,ROLEX,50,NP-NXT-027,Rolex,exact
NEXT/ARMLESS CHAIRS/SPREAD,NEXT,SPREAD,37,NP-NXT-024,Spread,exact
NEXT/ARMLESS CHAIRS/STAR,NEXT,STAR,38,NP-NXT-028,Star,exact
NEXT/ARMLESS CHAIRS/TITAN,NEXT,TITAN,20,,,NO MATCH
NEXT/ARMLESS CHAIRS/TOSS,NEXT,TOSS,50,NP-NXT-030,Toss,exact
NEXT/ARMLESS CHAIRS/WIFI,NEXT,WIFI,33,,,NO MATCH
NEXT/BABY CHAIRS/BABY ULTIMATE,NEXT,BABY ULTIMATE,50,NP-NXT-038,Baby Ultimate,exact
NEXT/BABY CHAIRS/Big Ponny Next,NEXT,Big Ponny Next,31,,,NO MATCH
NEXT/BABY CHAIRS/BONNY,NEXT,BONNY,21,NP-NXT-040,Bonny,exact
NEXT/BABY CHAIRS/BONNY NEXT,NEXT,BONNY NEXT,23,,,NO MATCH
NEXT/BABY CHAIRS/CIVIC,NEXT,CIVIC,28,NP-NXT-042,Civic,exact
NEXT/BABY CHAIRS/DOLPHIN EAZY CHAIR,NEXT,DOLPHIN EAZY CHAIR,50,,,NO MATCH
NEXT/BABY CHAIRS/KIDJEE JR,NEXT,KIDJEE JR,46,,,NO MATCH
NEXT/BABY CHAIRS/KINDER,NEXT,KINDER,41,NP-NXT-044,Kinder,exact
NEXT/BABY CHAIRS/PONNY,NEXT,PONNY,25,NP-NXT-043,Ponny,exact
NEXT/BABY CHAIRS/PRIMO NEXT,NEXT,PRIMO NEXT,17,,,NO MATCH
NEXT/BABY CHAIRS/ROCKER,NEXT,ROCKER,6,NP-NXT-037,Rocker,exact
NEXT/DINNING SETS/BUFFET WITH DELIGHT,NEXT,BUFFET WITH DELIGHT,13,,,NO MATCH
NEXT/DINNING SETS/BUFFET WITH FREAKY,NEXT,BUFFET WITH FREAKY,3,,,NO MATCH
NEXT/DINNING SETS/BUFFET WITH KINKY,NEXT,BUFFET WITH KINKY,50,,,NO MATCH
NEXT/DINNING SETS/CALIBER WITH FORTUNE,NEXT,CALIBER WITH FORTUNE,17,,,NO MATCH
NEXT/DINNING SETS/CANNY WITH MAZE,NEXT,CANNY WITH MAZE,6,,,NO MATCH
NEXT/DINNING SETS/CHERIH WITH OFF BEAT,NEXT,CHERIH WITH OFF BEAT,10,,,NO MATCH
NEXT/DINNING SETS/CHERISH WITH CALIBER,NEXT,CHERISH WITH CALIBER,10,,,NO MATCH
NEXT/DINNING SETS/CHERISH WITH CANNY,NEXT,CHERISH WITH CANNY,11,,,NO MATCH
NEXT/DINNING SETS/CHERISH WITH DELIGHT,NEXT,CHERISH WITH DELIGHT,6,,,NO MATCH
NEXT/DINNING SETS/CHERISH WITH DISCOVER,NEXT,CHERISH WITH DISCOVER,8,,,NO MATCH
NEXT/DINNING SETS/CHERISH WITH EXPRESSION,NEXT,CHERISH WITH EXPRESSION,3,,,NO MATCH
NEXT/DINNING SETS/CHERISH WITH FOXY,NEXT,CHERISH WITH FOXY,22,,,NO MATCH
NEXT/DINNING SETS/CHERISH WITH INVENT,NEXT,CHERISH WITH INVENT,12,,,NO MATCH
NEXT/DINNING SETS/CHERISH WITH PRIME,NEXT,CHERISH WITH PRIME,8,,,NO MATCH
NEXT/DINNING SETS/CHERISH WITH RUFFEL,NEXT,CHERISH WITH RUFFEL,4,,,NO MATCH
NEXT/DINNING SETS/CHERISH WITH SPREAD,NEXT,CHERISH WITH SPREAD,10,,,NO MATCH
NEXT/DINNING SETS/CHERSIH WITH CATCH,NEXT,CHERSIH WITH CATCH,2,,,NO MATCH
NEXT/DINNING SETS/CHERSIH WITH STRIPES,NEXT,CHERSIH WITH STRIPES,5,,,NO MATCH
NEXT/DINNING SETS/CROSS WITH DOGMA,NEXT,CROSS WITH DOGMA,16,,,NO MATCH
NEXT/DINNING SETS/CROSS WITH RIDER,NEXT,CROSS WITH RIDER,15,,,NO MATCH
NEXT/DINNING SETS/FORTUNE WITH CALIBER,NEXT,FORTUNE WITH CALIBER,17,,,NO MATCH
NEXT/DINNING SETS/FORTUNE WITH CATCH,NEXT,FORTUNE WITH CATCH,11,,,NO MATCH
NEXT/DINNING SETS/FORTUNE WITH DELIGHT,NEXT,FORTUNE WITH DELIGHT,8,,,NO MATCH
NEXT/DINNING SETS/FORTUNE WITH DISCOVER,NEXT,FORTUNE WITH DISCOVER,15,,,NO MATCH
NEXT/DINNING SETS/FORTUNE WITH EXPRESSION,NEXT,FORTUNE WITH EXPRESSION,4,,,NO MATCH
NEXT/DINNING SETS/FORTUNE WITH FOXY,NEXT,FORTUNE WITH FOXY,27,,,NO MATCH
NEXT/DINNING SETS/FORTUNE WITH INVENT,NEXT,FORTUNE WITH INVENT,8,,,NO MATCH
NEXT/DINNING SETS/FORTUNE WITH OFFBEAT,NEXT,FORTUNE WITH OFFBEAT,4,,,NO MATCH
NEXT/DINNING SETS/FORTUNE WITH PRIME,NEXT,FORTUNE WITH PRIME,8,,,NO MATCH
NEXT/DINNING SETS/FORTUNE WITH STRIPES,NEXT,FORTUNE WITH STRIPES,13,,,NO MATCH
NEXT/DINNING SETS/GLANCE WITH KINKY,NEXT,GLANCE WITH KINKY,2,,,NO MATCH
NEXT/DINNING SETS/MATT WITH MAZE,NEXT,MATT WITH MAZE,11,,,NO MATCH
NEXT/DINNING SETS/MATT WITH MESH,NEXT,MATT WITH MESH,10,,,NO MATCH
NEXT/DINNING SETS/MAZE WITH SPREAD,NEXT,MAZE WITH SPREAD,5,,,NO MATCH
NEXT/DINNING SETS/MESH WITH CROSS,NEXT,MESH WITH CROSS,7,,,NO MATCH
NEXT/DINNING SETS/NETT WITH FORTUNE,NEXT,NETT WITH FORTUNE,7,,,NO MATCH
NEXT/DINNING SETS/OFFBEAT WITH TAVERA,NEXT,OFFBEAT WITH TAVERA,18,,,NO MATCH
NEXT/DINNING SETS/SMASH WITH TEXX,NEXT,SMASH WITH TEXX,10,,,NO MATCH
NEXT/DINNING SETS/STARK WITH MAZE,NEXT,STARK WITH MAZE,15,,,NO MATCH
NEXT/DINNING SETS/STARK WITH MESH,NEXT,STARK WITH MESH,5,,,NO MATCH
NEXT/DINNING SETS/TREAT WITH TAVERA,NEXT,TREAT WITH TAVERA,6,,,NO MATCH
NEXT/DINNING SETS/ULTIMATE WITH MAZE,NEXT,ULTIMATE WITH MAZE,12,,,NO MATCH
NEXT/DINNING SETS/ULTIMATE WITH MESH,NEXT,ULTIMATE WITH MESH,5,,,NO MATCH
NEXT/DINNING SETS/VANITY  WITH MESH,NEXT,VANITY  WITH MESH,10,,,NO MATCH
NEXT/DINNING SETS/VANITY WITH MAZE,NEXT,VANITY WITH MAZE,5,,,NO MATCH
NEXT/PREMIUM ARM CHAIRS/MAGNETIK,NEXT,MAGNETIK,3,NP-NXT-001,Magnetic,spelling-1
NEXT/PREMIUM ARM CHAIRS/VANITY SUPER DELEXUE,NEXT,VANITY SUPER DELEXUE,36,,,NO MATCH
NEXT/PREMIUM ARMLESS CHAIRS/ARMLESS SUPER DELEXUE,NEXT,ARMLESS SUPER DELEXUE,10,,,NO MATCH
NEXT/PREMIUM ARMLESS CHAIRS/CALIBER SUPER DELEXUE,NEXT,CALIBER SUPER DELEXUE,44,,,NO MATCH
NEXT/PREMIUM ARMLESS CHAIRS/DISCOVER SUPER DELEXUE,NEXT,DISCOVER SUPER DELEXUE,32,,,NO MATCH
NEXT/PREMIUM ARMLESS CHAIRS/INVENT SUPER DELEXUE,NEXT,INVENT SUPER DELEXUE,50,,,NO MATCH
NEXT/STEEL MOULDED/KRAFT,NEXT,KRAFT,5,,,NO MATCH
NEXT/STEEL MOULDED/MATT,NEXT,MATT,50,NP-NXT-007,Matt,exact
NEXT/STEEL MOULDED/TEXTURE,NEXT,TEXTURE,7,,,NO MATCH
NEXT/STOOL/ASPIRE NEXT,NEXT,ASPIRE NEXT,12,,,NO MATCH
NEXT/STOOL/Big Ponny Next,NEXT,Big Ponny Next,50,,,NO MATCH
NEXT/STOOL/CHARMS,NEXT,CHARMS,16,NP-NXT-050,Charm,spelling-1
NEXT/STOOL/CROSS,NEXT,CROSS,20,,,NO MATCH
NEXT/STOOL/DISC,NEXT,DISC,12,,,NO MATCH
NEXT/STOOL/ENLARGE,NEXT,ENLARGE,16,,,NO MATCH
NEXT/STOOL/FRIDGE STAND,NEXT,FRIDGE STAND,16,,,NO MATCH
NEXT/STOOL/GENIOUS PATLA NEXT,NEXT,GENIOUS PATLA NEXT,11,,,NO MATCH
NEXT/STOOL/JIMMY NEXT,NEXT,JIMMY NEXT,9,,,NO MATCH
NEXT/STOOL/LEISURE STOOL,NEXT,LEISURE STOOL,17,,,NO MATCH
NEXT/STOOL/Marvel Next,NEXT,Marvel Next,50,,,NO MATCH
NEXT/STOOL/MID,NEXT,MID,17,,,NO MATCH
NEXT/STOOL/MIRACLE,NEXT,MIRACLE,20,NP-NXT-052,Miracle,exact
NEXT/STOOL/ORIENT,NEXT,ORIENT,10,NP-NXT-056,Orient,exact
NEXT/STOOL/RHINO,NEXT,RHINO,2,,,NO MATCH
NEXT/STOOL/ROZY,NEXT,ROZY,20,NP-NXT-051,Rozy,exact
NEXT/STOOL/SCALE NEXT,NEXT,SCALE NEXT,12,,,NO MATCH
NEXT/STOOL/SWIFT,NEXT,SWIFT,13,NP-NXT-049,Swift,exact
NEXT/TABLES/BUFFET,NEXT,BUFFET,50,NP-NXT-060,Buffet,exact
NEXT/TABLES/BUFFET TABLE,NEXT,BUFFET TABLE,16,,,NO MATCH
NEXT/TABLES/CHERISH,NEXT,CHERISH,50,NP-NXT-062,Cherish,exact
NEXT/TABLES/FANTASY TABLE,NEXT,FANTASY TABLE,8,,,NO MATCH
NEXT/TABLES/FORTUNE,NEXT,FORTUNE,50,NP-NXT-061,Fortune,exact
NEXT/TABLES/FORTUNE TABLE,NEXT,FORTUNE TABLE,17,,,NO MATCH
NEXT/TABLES/GLANCE,NEXT,GLANCE,12,NP-NXT-063,Glance,exact
NEXT/TABLES/MAZE,NEXT,MAZE,40,,,NO MATCH
NEXT/TABLES/MESH,NEXT,MESH,45,NP-NXT-059,Mesh,exact
NEXT/TABLES/ORIENT,NEXT,ORIENT,10,NP-NXT-056,Orient,exact
NEXT/TABLES/RIDER,NEXT,RIDER,11,NP-NXT-057,Rider,exact
NEXT/TABLES/TAVERA,NEXT,TAVERA,30,,,NO MATCH
NEXT/TROLLEYS/RACK 3,NEXT,RACK 3,43,,,NO MATCH
NEXT/TROLLEYS/RACK 4,NEXT,RACK 4,34,,,NO MATCH
NEXT/TROLLEYS/RACK3_4,NEXT,RACK3_4,10,,,NO MATCH
NEXT/TROLLEYS/Utility Rack 4,NEXT,Utility Rack 4,20,NP-NXT-064,Utility Rack-4,exact
NEXT/TROLLEYS/Utility Rack 5,NEXT,Utility Rack 5,19,NP-NXT-065,Utility Rack-5,exact
NEXT/WARDROBE/CELLAR WARDROBE,NEXT,CELLAR WARDROBE,50,,,NO MATCH
NEXT/WARDROBE/WADROBE,NEXT,WADROBE,516,,,NO MATCH
SAPPHIRE/ARM CHAIR/AJANTA SAPPHIRE,SAPPHIRE,AJANTA SAPPHIRE,15,,,NO MATCH
SAPPHIRE/ARM CHAIR/BHEEM,SAPPHIRE,BHEEM,13,NP-NSP-008,Bheem,exact
SAPPHIRE/ARM CHAIR/BREEZA,SAPPHIRE,BREEZA,12,NP-NSP-010,Brezza,spelling-1
SAPPHIRE/ARM CHAIR/CARNIVAL,SAPPHIRE,CARNIVAL,16,NP-NSP-004,Carnival,exact
SAPPHIRE/ARM CHAIR/COMFORT,SAPPHIRE,COMFORT,12,,,NO MATCH
SAPPHIRE/ARM CHAIR/CROWN,SAPPHIRE,CROWN,12,,,NO MATCH
SAPPHIRE/ARM CHAIR/DOLPHINE,SAPPHIRE,DOLPHINE,4,NP-NSP-009,Dolphin,spelling-1
SAPPHIRE/ARM CHAIR/FLOWER,SAPPHIRE,FLOWER,21,NP-NSP-012,Flower,exact
SAPPHIRE/ARM CHAIR/JAGUAR SAP,SAPPHIRE,JAGUAR SAP,6,NP-NSP-001,Jaguar,exact
SAPPHIRE/ARM CHAIR/LEOPARD,SAPPHIRE,LEOPARD,15,,,NO MATCH
SAPPHIRE/ARM CHAIR/LEOPARD KING,SAPPHIRE,LEOPARD KING,10,NP-NSP-003,Leopard King,exact
SAPPHIRE/ARM CHAIR/LEOPARD LEO,SAPPHIRE,LEOPARD LEO,13,NP-NSP-002,Leopard Leo,exact
SAPPHIRE/ARM CHAIR/LION,SAPPHIRE,LION,12,,,NO MATCH
SAPPHIRE/ARM CHAIR/LOOP,SAPPHIRE,LOOP,8,,,NO MATCH
SAPPHIRE/ARM CHAIR/MAJESTIC,SAPPHIRE,MAJESTIC,12,,,NO MATCH
SAPPHIRE/ARM CHAIR/PUMA,SAPPHIRE,PUMA,23,NP-NSP-007,Puma,exact
SAPPHIRE/ARM CHAIR/RELAXO,SAPPHIRE,RELAXO,14,NP-NSP-006,Relaxo,exact
SAPPHIRE/ARM CHAIR/REX,SAPPHIRE,REX,17,NP-NSP-011,Rex,exact
SAPPHIRE/ARM CHAIR/SAFARI,SAPPHIRE,SAFARI,11,,,NO MATCH
SAPPHIRE/ARM CHAIR/SHARK,SAPPHIRE,SHARK,12,,,NO MATCH
SAPPHIRE/ARM CHAIR/SIGNATURE,SAPPHIRE,SIGNATURE,9,,,NO MATCH
SAPPHIRE/ARM CHAIR/STYLE,SAPPHIRE,STYLE,18,,,NO MATCH
SAPPHIRE/ARM CHAIR/TEJAS,SAPPHIRE,TEJAS,14,NP-NSP-005,Tejas,exact
SAPPHIRE/ARM CHAIR/THROB,SAPPHIRE,THROB,9,,,NO MATCH
SAPPHIRE/ARM CHAIR/TIAGO,SAPPHIRE,TIAGO,8,,,NO MATCH
SAPPHIRE/ARM CHAIR/ZAP,SAPPHIRE,ZAP,8,,,NO MATCH
SAPPHIRE/ARMLESS CHAIR/IDEAL,SAPPHIRE,IDEAL,20,NP-NSP-016,Ideal,exact
SAPPHIRE/ARMLESS CHAIR/NEW FLORENCE SAP,SAPPHIRE,NEW FLORENCE SAP,28,NP-NSP-015,New Florence,exact
SAPPHIRE/ARMLESS CHAIR/OLD FLORENCE,SAPPHIRE,OLD FLORENCE,2,NP-NSP-014,Old Florence,exact
SAPPHIRE/ARMLESS CHAIR/OLD FLORENCE SAP,SAPPHIRE,OLD FLORENCE SAP,14,NP-NSP-014,Old Florence,exact
SAPPHIRE/ARMLESS CHAIR/PLUTO,SAPPHIRE,PLUTO,20,NP-NSP-013,Pluto,exact
SAPPHIRE/ARMLESS CHAIR/RUBY,SAPPHIRE,RUBY,22,NP-NSP-017,Ruby,exact
SAPPHIRE/STOOL/ASPIRE,SAPPHIRE,ASPIRE,4,NP-NSP-019,Aspire,exact
SAPPHIRE/STOOL/COMET,SAPPHIRE,COMET,12,NP-NSP-023,Comet,exact
SAPPHIRE/STOOL/CROSS,SAPPHIRE,CROSS,4,NP-NSP-020,Cross,exact
SAPPHIRE/STOOL/DISC,SAPPHIRE,DISC,4,NP-NSP-021,Disc,exact
SAPPHIRE/STOOL/FRIDGE STAND,SAPPHIRE,FRIDGE STAND,3,,,NO MATCH
SAPPHIRE/STOOL/JIMMY,SAPPHIRE,JIMMY,5,NP-NSP-022,Jimmy,exact
SAPPHIRE/STOOL/MID SAPPHIRE,SAPPHIRE,MID SAPPHIRE,9,,,NO MATCH
SAPPHIRE/STOOL/SCALE,SAPPHIRE,SCALE,7,,,NO MATCH
SAPPHIRE/STOOL/TUFF,SAPPHIRE,TUFF,6,,,NO MATCH
SAPPHIRE/TABLE/Cheerish Superior,SAPPHIRE,Cheerish Superior,19,,,NO MATCH
SAPPHIRE/TABLE/COMFY,SAPPHIRE,COMFY,13,NP-NSP-024,Comfy,exact
SAPPHIRE/TABLE/FLORA SAP,SAPPHIRE,FLORA SAP,29,NP-NSP-035,Flora,exact
SAPPHIRE/TABLE/Flora Superior,SAPPHIRE,Flora Superior,14,NP-NSP-032,Flora Superior,exact
SAPPHIRE/TABLE/MAGNA,SAPPHIRE,MAGNA,10,NP-NSP-025,Magna,exact
SAPPHIRE/TABLE/Maharaja Superior,SAPPHIRE,Maharaja Superior,19,NP-NSP-033,Maharaja Superior,exact
SAPPHIRE/TABLE/MAZE SAPP,SAPPHIRE,MAZE SAPP,2,,,NO MATCH
SAPPHIRE/TABLE/NEPTUNE,SAPPHIRE,NEPTUNE,4,NP-NSP-036,Neptune,exact
SAPPHIRE/TABLE/NEPTUNE SUPE,SAPPHIRE,NEPTUNE SUPE,10,,,NO MATCH
SAPPHIRE/TABLE/Neptune Superior,SAPPHIRE,Neptune Superior,16,NP-NSP-034,Neptune Superior,exact
SAPPHIRE/TABLE/OPEL SUPERIOR,SAPPHIRE,OPEL SUPERIOR,4,NP-NSP-027,Opel Superior,exact
SAPPHIRE/TABLE/STRIKER,SAPPHIRE,STRIKER,10,NP-NSP-026,Striker,exact
SAPPHIRE/TABLE/VERSA,SAPPHIRE,VERSA,4,NP-NSP-030,Versa,exact
SAPPHIRE/TABLE/Versa Superior,SAPPHIRE,Versa Superior,35,NP-NSP-028,Versa Superior,exact
SAPPHIRE/TABLE/VITARA,SAPPHIRE,VITARA,4,NP-NSP-031,Vitara,exact
SAPPHIRE/TABLE/VITARA SUPERIOR,SAPPHIRE,VITARA SUPERIOR,5,,,NO MATCH

CATALOGUE PRODUCTS WITH NO DRIVE FOLDER
SKU,Brand,Product
NP-NXT-020,NEXT,Caliber
NP-NXT-006,NEXT,Cinematic
NP-NXT-019,NEXT,Discover
NP-NTL-080,NATIONAL,Enlarge
NP-NXT-023,NEXT,Invent
NP-NXT-053,NEXT,Marvel
NP-NXT-026,NEXT,Stripes
NP-NTL-011,NATIONAL,Rock
NP-NXT-047,NEXT,Scale
NP-NTL-015,NATIONAL,Sumo
NP-NTL-045,NATIONAL,Thunder
NP-NTL-008,NATIONAL,Tiger
NP-NXT-048,NEXT,Aspire
NP-NXT-013,NEXT,Prawn
NP-NXT-022,NEXT,Ruffel
NP-NXT-031,NEXT,Imperial RRK
NP-NXT-032,NEXT,Imperial New
NP-NXT-033,NEXT,Imperial WiFi
NP-NXT-036,NEXT,Dolphin Easy Baby
NP-NXT-041,NEXT,Mickey
NP-NXT-045,NEXT,Kidjee Junior
NP-NXT-046,NEXT,Kids Playtime
NP-NXT-054,NEXT,Big Ponny
NP-NXT-055,NEXT,Enlarge Step Stool
NP-NXT-058,NEXT,Dogma
NP-NXT-066,NEXT,Atom 2FT
NP-NXT-067,NEXT,Atom 4FT
NP-NXT-068,NEXT,Atom 6FT
NP-NXT-069,NEXT,Princess 2FT
NP-NXT-070,NEXT,Princess 4FT
NP-NXT-071,NEXT,Shoe Rack 2 Feet
NP-NXT-072,NEXT,Shoe Rack 4 Feet
NP-NTL-004,NATIONAL,Simba
NP-NTL-005,NATIONAL,Sher
NP-NTL-006,NATIONAL,Arjun
NP-NTL-016,NATIONAL,Seltos
NP-NTL-018,NATIONAL,Jewel
NP-NTL-024,NATIONAL,Wonder
NP-NTL-025,NATIONAL,Sturdy
NP-NTL-027,NATIONAL,Thrill
NP-NTL-029,NATIONAL,Rio
NP-NTL-030,NATIONAL,New Spectrum
NP-NTL-031,NATIONAL,Ultimate Premium
NP-NTL-032,NATIONAL,New Fusion
NP-NTL-035,NATIONAL,Techno
NP-NTL-041,NATIONAL,Unique
NP-NTL-042,NATIONAL,Dolphin
NP-NTL-057,NATIONAL,Hector
NP-NTL-065,NATIONAL,Lilly
NP-NTL-068,NATIONAL,Bonny
NP-NTL-069,NATIONAL,Primo
NP-NTL-070,NATIONAL,Baby Ultimate
NP-NTL-071,NATIONAL,Pups
NP-NTL-072,NATIONAL,Tom Baby
NP-NTL-073,NATIONAL,Toy Baby
NP-NTL-076,NATIONAL,Mars
NP-NTL-077,NATIONAL,Saturn
NP-NTL-078,NATIONAL,Jimmy
NP-NTL-081,NATIONAL,Java
NP-NTL-082,NATIONAL,Charm
NP-NTL-083,NATIONAL,Swift
NP-NTL-084,NATIONAL,Rhino
NP-NTL-091,NATIONAL,Indica
NP-NTL-092,NATIONAL,Alto
NP-NSP-018,NATIONAL SAPPHIRE,Toy Baby
NP-NSP-029,NATIONAL SAPPHIRE,Zen Superior
NP-NSP-037,NATIONAL SAPPHIRE,Maharaja
NP-CPT-013,CAPTAIN,Charm
